,Returns,Volatility,Sharpe Ratio,BTC Weight,ETH Weight
0,1.5105876174169564,1.0882396830471548,1.3695721765081408,0.0,1.0
